ecriture_id,date_ecriture,journal,numero_piece,compte_debit,compte_credit,montant,libelle,centre_cout,projet,statut
1,2024-01-06,TR,PJ_000001,641,401,12481.74,Services sous-traitance,8,,Validée
2,2024-01-24,VE,PJ_000002,626,401,23779.88,Services sous-traitance,1,,Validée
3,2024-01-16,TR,PJ_000003,623,401,2518.37,Services sous-traitance,4,,Validée
4,2024-01-19,OP,PJ_000004,623,401,17758.97,Facture fournisseur,1,PROJ_007,Brouillon
5,2024-01-01,AC,PJ_000005,606,401,33946.66,Achats matériaux,7,PROJ_010,Validée
6,2024-01-28,TR,PJ_000006,606,401,9160.27,Maintenance,1,,Validée
7,2024-01-12,TR,PJ_000007,622,401,28135.53,Facture fournisseur,9,PROJ_016,Validée
8,2024-01-20,TR,PJ_000008,606,401,44410.78,Maintenance,1,,Brouillon
9,2024-01-20,TR,PJ_000009,626,401,29243.99,Facture fournisseur,3,PROJ_018,Validée
10,2024-01-18,OP,PJ_000010,681,401,24537.88,Honoraires consultant,9,,Validée
11,2024-01-14,TR,PJ_000011,681,401,16607.29,Services sous-traitance,1,PROJ_016,Validée
12,2024-01-19,VE,PJ_000012,626,401,31998.46,Honoraires consultant,3,PROJ_002,Validée
13,2024-01-01,TR,PJ_000013,606,401,29056.74,Honoraires consultant,3,PROJ_017,Validée
14,2024-01-12,AC,PJ_000014,626,401,47052.7,Honoraires consultant,6,PROJ_009,Pointée
15,2024-01-17,OP,PJ_000015,622,401,27861.87,Maintenance,1,,Validée
16,2024-01-23,OP,PJ_000016,681,401,13789.51,Achats matériaux,9,PROJ_003,Validée
17,2024-01-24,OP,PJ_000017,626,401,10841.48,Achats matériaux,10,PROJ_017,Validée
18,2024-01-09,TR,PJ_000018,641,401,35272.96,Honoraires consultant,10,PROJ_003,Validée
19,2024-01-24,VE,PJ_000019,641,401,45705.41,Facture fournisseur,4,PROJ_001,Validée
20,2024-01-14,TR,PJ_000020,622,401,39891.74,Maintenance,2,,Validée
21,2024-01-22,VE,PJ_000021,641,401,16743.56,Honoraires consultant,6,PROJ_017,Validée
22,2024-01-06,OP,PJ_000022,623,401,15511.64,Honoraires consultant,1,PROJ_012,Pointée
23,2024-01-07,AC,PJ_000023,681,401,4724.7,Maintenance,3,PROJ_020,Validée
24,2024-01-18,VE,PJ_000024,622,401,26056.87,Facture fournisseur,8,,Validée
25,2024-01-23,VE,PJ_000025,625,401,12917.6,Facture fournisseur,5,,Brouillon
26,2024-01-15,VE,PJ_000026,626,401,12887.02,Facture fournisseur,8,PROJ_001,Pointée
27,2024-01-07,AC,PJ_000027,626,401,33027.01,Honoraires consultant,7,,Validée
28,2024-01-19,AC,PJ_000028,625,401,38013.38,Maintenance,5,,Validée
29,2024-01-20,TR,PJ_000029,615,401,9178.85,Achats matériaux,5,PROJ_001,Validée
30,2024-01-05,VE,PJ_000030,626,401,20225.98,Honoraires consultant,4,,Validée
31,2024-01-26,TR,PJ_000031,606,401,46705.1,Honoraires consultant,4,PROJ_016,Validée
32,2024-01-17,TR,PJ_000032,622,401,43426.35,Maintenance,8,PROJ_003,Validée
33,2024-01-01,OP,PJ_000033,625,401,40654.61,Maintenance,3,PROJ_008,Brouillon
34,2024-01-12,TR,PJ_000034,641,401,14061.08,Achats matériaux,3,PROJ_017,Validée
35,2024-01-26,VE,PJ_000035,615,401,34239.88,Services sous-traitance,9,PROJ_018,Validée
36,2024-01-24,AC,PJ_000036,625,401,36886.02,Facture fournisseur,4,,Validée
37,2024-01-03,TR,PJ_000037,623,401,49530.0,Achats matériaux,1,PROJ_005,Validée
38,2024-01-23,AC,PJ_000038,622,401,37668.12,Facture fournisseur,1,PROJ_020,Validée
39,2024-01-22,OP,PJ_000039,606,401,15232.94,Maintenance,9,PROJ_009,Validée
40,2024-01-14,TR,PJ_000040,622,401,34000.11,Achats matériaux,5,,Validée
41,2024-01-20,VE,FA_000041,411,706,104152.58,Facture client,5,PROJ_016,Validée
42,2024-01-13,VE,FA_000042,411,706,140330.07,Facture client,7,PROJ_014,Validée
43,2024-01-05,VE,FA_000043,411,701,113184.98,Facture client,2,PROJ_015,Validée
44,2024-01-10,VE,FA_000044,411,701,127174.94,Facture client,6,PROJ_007,Validée
45,2024-01-08,VE,FA_000045,411,706,20186.82,Facture client,10,PROJ_002,Validée
46,2024-01-05,VE,FA_000046,411,706,42651.93,Facture client,1,PROJ_020,Validée
47,2024-01-07,VE,FA_000047,411,706,148040.15,Facture client,4,PROJ_006,Validée
48,2024-01-19,VE,FA_000048,411,706,118800.57,Facture client,7,PROJ_010,Validée
49,2024-01-07,VE,FA_000049,411,701,70823.26,Facture client,2,PROJ_020,Validée
50,2024-01-09,VE,FA_000050,411,701,114189.63,Facture client,9,PROJ_017,Validée
51,2024-01-01,VE,FA_000051,411,706,41303.42,Facture client,10,PROJ_012,Brouillon
52,2024-01-13,VE,FA_000052,411,701,16042.39,Facture client,6,PROJ_011,Validée
53,2024-01-04,VE,FA_000053,411,706,87539.6,Facture client,9,PROJ_018,Validée
54,2024-01-17,VE,FA_000054,411,701,107404.82,Facture client,1,PROJ_003,Validée
55,2024-01-25,VE,FA_000055,411,706,138135.61,Facture client,8,PROJ_006,Validée
56,2024-01-28,TR,BQ_000056,512,411,42239.18,Encaissement client,4,PROJ_008,Validée
57,2024-01-26,TR,BQ_000057,512,411,60528.21,Encaissement client,5,PROJ_009,Validée
58,2024-01-04,TR,BQ_000058,401,512,71325.36,Paiement fournisseur,1,,Validée
59,2024-01-09,TR,BQ_000059,512,411,164621.05,Encaissement client,3,PROJ_006,Validée
60,2024-01-18,TR,BQ_000060,401,512,60210.45,Paiement fournisseur,9,,Validée
61,2024-01-02,TR,BQ_000061,512,411,176565.68,Encaissement client,5,PROJ_001,Validée
62,2024-01-22,TR,BQ_000062,401,512,98791.23,Paiement fournisseur,1,,Validée
63,2024-01-11,TR,BQ_000063,401,512,41184.63,Paiement fournisseur,6,,Validée
64,2024-02-27,AC,PJ_000064,606,401,42184.89,Achats matériaux,9,PROJ_001,Validée
65,2024-02-23,AC,PJ_000065,625,401,43303.76,Honoraires consultant,6,PROJ_005,Validée
66,2024-02-10,AC,PJ_000066,625,401,42557.55,Facture fournisseur,1,PROJ_013,Validée
67,2024-02-01,TR,PJ_000067,615,401,33749.18,Maintenance,8,,Validée
68,2024-02-22,OP,PJ_000068,615,401,38729.76,Maintenance,1,PROJ_005,Validée
69,2024-02-27,TR,PJ_000069,641,401,20472.4,Honoraires consultant,5,PROJ_011,Validée
70,2024-02-06,VE,PJ_000070,626,401,31054.55,Achats matériaux,2,PROJ_015,Validée
71,2024-02-02,VE,PJ_000071,606,401,17738.65,Maintenance,7,PROJ_017,Brouillon
72,2024-02-04,AC,PJ_000072,615,401,23237.67,Facture fournisseur,4,PROJ_002,Validée
73,2024-02-02,OP,PJ_000073,622,401,16773.2,Services sous-traitance,3,PROJ_016,Validée
74,2024-02-22,TR,PJ_000074,681,401,35034.54,Maintenance,8,PROJ_003,Validée
75,2024-02-18,OP,PJ_000075,622,401,30295.8,Honoraires consultant,5,PROJ_010,Validée
76,2024-02-21,AC,PJ_000076,606,401,27661.41,Maintenance,10,PROJ_017,Validée
77,2024-02-13,VE,PJ_000077,606,401,16418.35,Facture fournisseur,6,,Brouillon
78,2024-02-16,VE,PJ_000078,623,401,3523.36,Facture fournisseur,8,PROJ_020,Validée
79,2024-02-24,VE,PJ_000079,623,401,24483.89,Achats matériaux,10,,Validée
80,2024-02-07,OP,PJ_000080,626,401,34514.69,Services sous-traitance,2,PROJ_003,Validée
81,2024-02-25,TR,PJ_000081,615,401,37001.56,Facture fournisseur,1,,Validée
82,2024-02-12,AC,PJ_000082,623,401,12044.21,Facture fournisseur,4,PROJ_009,Validée
83,2024-02-15,VE,PJ_000083,615,401,29417.87,Facture fournisseur,3,PROJ_005,Validée
84,2024-02-26,OP,PJ_000084,681,401,30573.98,Services sous-traitance,6,PROJ_001,Validée
85,2024-02-21,OP,PJ_000085,681,401,8066.53,Maintenance,8,PROJ_003,Validée
86,2024-02-08,TR,PJ_000086,641,401,34999.59,Achats matériaux,4,PROJ_004,Validée
87,2024-02-22,TR,PJ_000087,626,401,13266.19,Services sous-traitance,9,PROJ_011,Validée
88,2024-02-19,AC,PJ_000088,626,401,42009.84,Achats matériaux,6,PROJ_020,Validée
89,2024-02-17,AC,PJ_000089,615,401,26727.08,Honoraires consultant,4,PROJ_003,Validée
90,2024-02-18,AC,PJ_000090,641,401,22986.26,Achats matériaux,2,PROJ_002,Validée
91,2024-02-05,AC,PJ_000091,622,401,634.19,Services sous-traitance,1,PROJ_012,Validée
92,2024-02-21,AC,PJ_000092,615,401,36677.94,Maintenance,3,,Validée
93,2024-02-22,AC,PJ_000093,681,401,2880.68,Services sous-traitance,9,PROJ_003,Validée
94,2024-02-05,VE,PJ_000094,615,401,12166.74,Maintenance,9,PROJ_018,Validée
95,2024-02-07,TR,PJ_000095,622,401,35832.23,Honoraires consultant,6,PROJ_015,Validée
96,2024-02-17,OP,PJ_000096,615,401,45028.94,Honoraires consultant,8,,Validée
97,2024-02-06,OP,PJ_000097,622,401,47021.69,Achats matériaux,4,PROJ_001,Validée
98,2024-02-07,AC,PJ_000098,626,401,28870.97,Facture fournisseur,1,PROJ_001,Validée
99,2024-02-22,AC,PJ_000099,622,401,35846.17,Achats matériaux,1,,Validée
100,2024-02-15,TR,PJ_000100,623,401,42399.39,Honoraires consultant,8,,Validée
101,2024-02-12,OP,PJ_000101,641,401,38708.16,Services sous-traitance,3,PROJ_011,Validée
102,2024-02-20,VE,PJ_000102,681,401,9489.09,Achats matériaux,10,PROJ_018,Validée
103,2024-02-15,OP,PJ_000103,623,401,36441.73,Maintenance,4,PROJ_005,Brouillon
104,2024-02-08,VE,FA_000104,411,701,101191.41,Facture client,10,PROJ_009,Validée
105,2024-02-14,VE,FA_000105,411,706,140811.38,Facture client,7,PROJ_001,Validée
106,2024-02-21,VE,FA_000106,411,706,33172.87,Facture client,6,PROJ_001,Validée
107,2024-02-23,VE,FA_000107,411,701,41835.39,Facture client,5,PROJ_015,Validée
108,2024-02-09,VE,FA_000108,411,701,38781.17,Facture client,5,PROJ_009,Validée
109,2024-02-20,VE,FA_000109,411,701,85235.38,Facture client,6,PROJ_002,Validée
110,2024-02-27,VE,FA_000110,411,701,113250.17,Facture client,3,PROJ_007,Validée
111,2024-02-21,VE,FA_000111,411,701,138078.43,Facture client,6,PROJ_018,Validée
112,2024-02-07,VE,FA_000112,411,701,146575.78,Facture client,1,PROJ_020,Validée
113,2024-02-28,VE,FA_000113,411,706,84909.76,Facture client,1,PROJ_007,Validée
114,2024-02-13,VE,FA_000114,411,701,65624.54,Facture client,8,PROJ_019,Validée
115,2024-02-17,VE,FA_000115,411,706,15116.95,Facture client,8,PROJ_019,Validée
116,2024-02-14,VE,FA_000116,411,706,109968.29,Facture client,2,PROJ_017,Validée
117,2024-02-06,VE,FA_000117,411,706,117149.88,Facture client,1,PROJ_008,Validée
118,2024-02-07,VE,FA_000118,411,706,115454.47,Facture client,10,PROJ_019,Validée
119,2024-02-28,TR,BQ_000119,401,512,97998.49,Paiement fournisseur,2,,Validée
120,2024-02-07,TR,BQ_000120,401,512,7574.12,Paiement fournisseur,7,,Validée
121,2024-02-03,TR,BQ_000121,512,411,137659.62,Encaissement client,8,PROJ_015,Validée
122,2024-02-05,TR,BQ_000122,512,411,134021.76,Encaissement client,8,PROJ_002,Validée
123,2024-02-03,TR,BQ_000123,512,411,147230.72,Encaissement client,8,PROJ_014,Validée
124,2024-02-11,TR,BQ_000124,401,512,94718.92,Paiement fournisseur,6,,Validée
125,2024-02-21,TR,BQ_000125,401,512,35779.06,Paiement fournisseur,2,,Validée
126,2024-02-07,TR,BQ_000126,401,512,74910.94,Paiement fournisseur,5,,Validée
127,2024-03-19,OP,PJ_000127,623,401,6577.46,Honoraires consultant,2,PROJ_015,Validée
128,2024-03-11,VE,PJ_000128,622,401,13341.46,Maintenance,4,PROJ_006,Validée
129,2024-03-09,TR,PJ_000129,622,401,22088.26,Maintenance,10,PROJ_017,Brouillon
130,2024-03-24,OP,PJ_000130,681,401,49275.68,Facture fournisseur,2,,Validée
131,2024-03-08,AC,PJ_000131,641,401,35092.87,Facture fournisseur,6,PROJ_014,Pointée
132,2024-03-26,VE,PJ_000132,641,401,45078.33,Honoraires consultant,6,PROJ_010,Validée
133,2024-03-06,AC,PJ_000133,606,401,3825.18,Achats matériaux,7,,Validée
134,2024-03-27,VE,PJ_000134,622,401,45050.92,Achats matériaux,9,PROJ_010,Brouillon
135,2024-03-26,VE,PJ_000135,615,401,20516.88,Achats matériaux,6,PROJ_019,Validée
136,2024-03-19,AC,PJ_000136,622,401,12644.78,Services sous-traitance,4,PROJ_007,Validée
137,2024-03-22,OP,PJ_000137,681,401,24064.49,Honoraires consultant,8,,Validée
138,2024-03-20,TR,PJ_000138,622,401,8519.69,Facture fournisseur,2,PROJ_002,Validée
139,2024-03-09,AC,PJ_000139,606,401,17901.24,Honoraires consultant,8,PROJ_007,Validée
140,2024-03-18,TR,PJ_000140,622,401,40071.09,Achats matériaux,3,PROJ_017,Validée
141,2024-03-10,AC,PJ_000141,641,401,34682.73,Maintenance,8,PROJ_017,Validée
142,2024-03-22,TR,PJ_000142,606,401,32042.96,Achats matériaux,9,PROJ_009,Brouillon
143,2024-03-15,TR,PJ_000143,641,401,2686.19,Facture fournisseur,7,PROJ_007,Validée
144,2024-03-21,OP,PJ_000144,681,401,36685.67,Achats matériaux,7,PROJ_020,Validée
145,2024-03-18,OP,PJ_000145,606,401,26360.51,Services sous-traitance,2,PROJ_011,Validée
146,2024-03-23,OP,PJ_000146,641,401,20522.03,Facture fournisseur,4,PROJ_013,Validée
147,2024-03-16,TR,PJ_000147,626,401,21627.44,Achats matériaux,7,PROJ_002,Validée
148,2024-03-23,VE,PJ_000148,681,401,9680.91,Services sous-traitance,7,,Validée
149,2024-03-17,AC,PJ_000149,623,401,20395.58,Facture fournisseur,8,,Validée
150,2024-03-25,TR,PJ_000150,625,401,17150.34,Facture fournisseur,1,,Validée
151,2024-03-18,VE,PJ_000151,625,401,15167.25,Facture fournisseur,1,PROJ_015,Validée
152,2024-03-17,TR,PJ_000152,623,401,19885.69,Services sous-traitance,10,PROJ_005,Validée
153,2024-03-06,OP,PJ_000153,626,401,49125.36,Services sous-traitance,2,,Pointée
154,2024-03-27,AC,PJ_000154,641,401,20378.22,Honoraires consultant,3,PROJ_010,Validée
155,2024-03-25,AC,PJ_000155,615,401,11414.07,Services sous-traitance,8,PROJ_005,Validée
156,2024-03-23,OP,PJ_000156,623,401,44247.4,Achats matériaux,1,,Validée
157,2024-03-18,AC,PJ_000157,681,401,24813.72,Services sous-traitance,3,,Validée
158,2024-03-15,TR,PJ_000158,626,401,2225.83,Honoraires consultant,2,PROJ_003,Validée
159,2024-03-09,VE,PJ_000159,623,401,2696.64,Achats matériaux,9,PROJ_005,Validée
160,2024-03-02,OP,PJ_000160,626,401,20718.43,Services sous-traitance,5,,Validée
161,2024-03-05,AC,PJ_000161,623,401,11399.07,Honoraires consultant,1,,Brouillon
162,2024-03-19,TR,PJ_000162,681,401,41321.71,Achats matériaux,8,PROJ_013,Validée
163,2024-03-24,TR,PJ_000163,623,401,39972.59,Facture fournisseur,9,PROJ_013,Validée
164,2024-03-10,OP,PJ_000164,626,401,5738.79,Maintenance,7,PROJ_013,Brouillon
165,2024-03-19,VE,PJ_000165,615,401,44014.04,Services sous-traitance,5,PROJ_018,Validée
166,2024-03-14,TR,PJ_000166,641,401,37953.47,Achats matériaux,1,PROJ_008,Validée
167,2024-03-28,VE,FA_000167,411,701,11270.14,Facture client,3,PROJ_016,Validée
168,2024-03-07,VE,FA_000168,411,706,85777.32,Facture client,2,PROJ_015,Validée
169,2024-03-22,VE,FA_000169,411,706,141211.99,Facture client,4,PROJ_018,Validée
170,2024-03-17,VE,FA_000170,411,701,117937.8,Facture client,10,PROJ_001,Validée
171,2024-03-24,VE,FA_000171,411,706,16403.88,Facture client,4,PROJ_003,Validée
172,2024-03-12,VE,FA_000172,411,701,13442.17,Facture client,1,PROJ_006,Validée
173,2024-03-19,VE,FA_000173,411,701,45351.22,Facture client,10,PROJ_002,Validée
174,2024-03-04,VE,FA_000174,411,701,69665.38,Facture client,9,PROJ_007,Validée
175,2024-03-11,VE,FA_000175,411,706,40907.75,Facture client,4,PROJ_011,Validée
176,2024-03-17,VE,FA_000176,411,706,144853.13,Facture client,5,PROJ_015,Validée
177,2024-03-27,VE,FA_000177,411,701,145032.87,Facture client,9,PROJ_005,Brouillon
178,2024-03-01,VE,FA_000178,411,706,54903.98,Facture client,2,PROJ_003,Validée
179,2024-03-25,VE,FA_000179,411,706,110089.37,Facture client,8,PROJ_014,Validée
180,2024-03-21,VE,FA_000180,411,701,31512.13,Facture client,2,PROJ_020,Validée
181,2024-03-12,VE,FA_000181,411,706,14553.67,Facture client,10,PROJ_003,Validée
182,2024-03-15,TR,BQ_000182,401,512,16144.28,Paiement fournisseur,1,,Validée
183,2024-03-12,TR,BQ_000183,512,411,116098.41,Encaissement client,9,PROJ_002,Validée
184,2024-03-24,TR,BQ_000184,401,512,98513.38,Paiement fournisseur,1,,Validée
185,2024-03-08,TR,BQ_000185,401,512,69643.38,Paiement fournisseur,2,,Validée
186,2024-03-14,TR,BQ_000186,401,512,73579.32,Paiement fournisseur,9,,Validée
187,2024-03-01,TR,BQ_000187,401,512,91242.77,Paiement fournisseur,6,,Validée
188,2024-03-19,TR,BQ_000188,512,411,55988.55,Encaissement client,9,PROJ_014,Validée
189,2024-03-15,TR,BQ_000189,401,512,63724.79,Paiement fournisseur,4,,Validée
190,2024-04-01,TR,PJ_000190,615,401,28202.61,Maintenance,1,PROJ_001,Brouillon
191,2024-04-01,VE,PJ_000191,626,401,41313.45,Achats matériaux,6,PROJ_014,Validée
192,2024-04-15,OP,PJ_000192,623,401,10407.44,Facture fournisseur,8,PROJ_003,Brouillon
193,2024-04-09,OP,PJ_000193,641,401,46842.51,Facture fournisseur,2,PROJ_008,Validée
194,2024-04-20,OP,PJ_000194,641,401,17302.78,Services sous-traitance,4,PROJ_006,Validée
195,2024-04-26,OP,PJ_000195,606,401,24304.74,Maintenance,10,PROJ_018,Validée
196,2024-04-23,AC,PJ_000196,625,401,32689.56,Services sous-traitance,10,PROJ_014,Validée
197,2024-04-08,AC,PJ_000197,641,401,43655.72,Services sous-traitance,2,,Validée
198,2024-04-05,AC,PJ_000198,622,401,49818.53,Services sous-traitance,10,PROJ_015,Validée
199,2024-04-12,AC,PJ_000199,641,401,9122.57,Achats matériaux,8,PROJ_004,Validée
200,2024-04-20,VE,PJ_000200,606,401,25489.82,Services sous-traitance,9,PROJ_002,Validée
201,2024-04-02,TR,PJ_000201,626,401,30087.32,Achats matériaux,3,PROJ_012,Validée
202,2024-04-18,OP,PJ_000202,606,401,31762.23,Services sous-traitance,10,PROJ_016,Validée
203,2024-04-10,VE,PJ_000203,615,401,12258.39,Honoraires consultant,5,,Validée
204,2024-04-22,OP,PJ_000204,626,401,43602.12,Facture fournisseur,4,PROJ_006,Validée
205,2024-04-25,VE,PJ_000205,622,401,48485.91,Honoraires consultant,5,PROJ_008,Validée
206,2024-04-04,OP,PJ_000206,641,401,48506.14,Services sous-traitance,10,,Validée
207,2024-04-10,TR,PJ_000207,626,401,22714.49,Facture fournisseur,1,PROJ_008,Validée
208,2024-04-01,VE,PJ_000208,623,401,13000.13,Maintenance,9,PROJ_015,Validée
209,2024-04-05,TR,PJ_000209,623,401,39198.62,Maintenance,6,,Validée
210,2024-04-18,AC,PJ_000210,641,401,49341.3,Honoraires consultant,4,,Validée
211,2024-04-03,AC,PJ_000211,622,401,22883.85,Honoraires consultant,1,PROJ_014,Validée
212,2024-04-20,TR,PJ_000212,622,401,49338.19,Services sous-traitance,2,PROJ_007,Validée
213,2024-04-15,OP,PJ_000213,623,401,26325.64,Maintenance,7,,Validée
214,2024-04-16,TR,PJ_000214,641,401,47021.08,Achats matériaux,5,,Validée
215,2024-04-06,VE,PJ_000215,641,401,43473.04,Achats matériaux,1,PROJ_011,Validée
216,2024-04-18,VE,PJ_000216,681,401,12585.29,Facture fournisseur,8,PROJ_004,Validée
217,2024-04-19,VE,PJ_000217,625,401,47073.33,Honoraires consultant,9,,Validée
218,2024-04-18,OP,PJ_000218,606,401,30445.22,Facture fournisseur,9,PROJ_013,Validée
219,2024-04-13,OP,PJ_000219,623,401,14789.94,Achats matériaux,6,PROJ_006,Validée
220,2024-04-02,AC,PJ_000220,641,401,38233.11,Services sous-traitance,1,,Validée
221,2024-04-25,AC,PJ_000221,623,401,16754.87,Achats matériaux,7,PROJ_019,Validée
222,2024-04-25,TR,PJ_000222,606,401,30026.03,Services sous-traitance,6,,Validée
223,2024-04-14,VE,PJ_000223,626,401,32307.51,Facture fournisseur,3,PROJ_008,Validée
224,2024-04-06,AC,PJ_000224,615,401,45754.71,Facture fournisseur,5,PROJ_005,Validée
225,2024-04-04,TR,PJ_000225,641,401,30591.3,Achats matériaux,5,,Validée
226,2024-04-15,OP,PJ_000226,606,401,4028.37,Maintenance,3,,Brouillon
227,2024-04-22,VE,PJ_000227,625,401,10130.64,Maintenance,5,,Validée
228,2024-04-15,TR,PJ_000228,681,401,26846.88,Achats matériaux,4,PROJ_002,Validée
229,2024-04-04,VE,PJ_000229,622,401,41247.11,Maintenance,10,PROJ_007,Validée
230,2024-04-17,VE,FA_000230,411,706,89423.71,Facture client,8,PROJ_004,Validée
231,2024-04-22,VE,FA_000231,411,701,122838.96,Facture client,8,PROJ_013,Validée
232,2024-04-27,VE,FA_000232,411,706,10361.76,Facture client,6,PROJ_009,Validée
233,2024-04-15,VE,FA_000233,411,706,95537.34,Facture client,9,PROJ_010,Validée
234,2024-04-16,VE,FA_000234,411,701,87929.19,Facture client,5,PROJ_004,Validée
235,2024-04-19,VE,FA_000235,411,701,129164.4,Facture client,10,PROJ_018,Validée
236,2024-04-10,VE,FA_000236,411,706,73247.48,Facture client,5,PROJ_015,Validée
237,2024-04-12,VE,FA_000237,411,701,130791.59,Facture client,5,PROJ_017,Validée
238,2024-04-05,VE,FA_000238,411,706,99876.01,Facture client,7,PROJ_011,Validée
239,2024-04-14,VE,FA_000239,411,701,98482.17,Facture client,9,PROJ_002,Validée
240,2024-04-07,VE,FA_000240,411,701,107320.24,Facture client,10,PROJ_007,Validée
241,2024-04-11,VE,FA_000241,411,706,148775.84,Facture client,3,PROJ_004,Validée
242,2024-04-10,VE,FA_000242,411,701,136773.47,Facture client,4,PROJ_008,Validée
243,2024-04-04,VE,FA_000243,411,706,36861.43,Facture client,1,PROJ_006,Validée
244,2024-04-04,VE,FA_000244,411,706,71937.39,Facture client,2,PROJ_005,Validée
245,2024-04-21,TR,BQ_000245,512,411,122634.28,Encaissement client,3,PROJ_012,Validée
246,2024-04-26,TR,BQ_000246,512,411,137202.52,Encaissement client,7,PROJ_012,Validée
247,2024-04-02,TR,BQ_000247,512,411,199141.29,Encaissement client,7,PROJ_020,Validée
248,2024-04-08,TR,BQ_000248,401,512,13432.9,Paiement fournisseur,5,,Validée
249,2024-04-13,TR,BQ_000249,401,512,76709.59,Paiement fournisseur,7,,Validée
250,2024-04-16,TR,BQ_000250,401,512,45155.47,Paiement fournisseur,7,,Validée
251,2024-04-16,TR,BQ_000251,512,411,67162.09,Encaissement client,8,PROJ_020,Validée
252,2024-04-03,TR,BQ_000252,401,512,27291.0,Paiement fournisseur,3,,Validée
253,2024-05-08,TR,PJ_000253,681,401,1491.3,Maintenance,1,PROJ_020,Validée
254,2024-05-18,TR,PJ_000254,606,401,39501.15,Honoraires consultant,6,,Validée
255,2024-05-04,VE,PJ_000255,625,401,15504.85,Achats matériaux,9,,Brouillon
256,2024-05-09,OP,PJ_000256,623,401,25731.35,Achats matériaux,4,PROJ_006,Brouillon
257,2024-05-11,TR,PJ_000257,625,401,28942.08,Maintenance,10,PROJ_017,Validée
258,2024-05-18,VE,PJ_000258,681,401,31583.53,Achats matériaux,6,,Validée
259,2024-05-14,AC,PJ_000259,622,401,4505.5,Achats matériaux,2,,Pointée
260,2024-05-18,AC,PJ_000260,615,401,32228.12,Facture fournisseur,6,PROJ_014,Validée
261,2024-05-16,AC,PJ_000261,623,401,38358.09,Services sous-traitance,3,PROJ_013,Validée
262,2024-05-08,TR,PJ_000262,606,401,24172.58,Maintenance,4,PROJ_006,Validée
263,2024-05-11,TR,PJ_000263,641,401,31169.6,Services sous-traitance,3,PROJ_002,Validée
264,2024-05-02,VE,PJ_000264,625,401,24487.78,Facture fournisseur,7,,Validée
265,2024-05-09,VE,PJ_000265,622,401,39243.45,Maintenance,1,PROJ_007,Validée
266,2024-05-05,TR,PJ_000266,625,401,30953.36,Maintenance,4,PROJ_007,Validée
267,2024-05-05,VE,PJ_000267,681,401,44386.91,Honoraires consultant,3,PROJ_014,Validée
268,2024-05-22,OP,PJ_000268,615,401,48209.2,Services sous-traitance,5,,Validée
269,2024-05-10,TR,PJ_000269,641,401,34208.25,Honoraires consultant,1,PROJ_018,Validée
270,2024-05-21,AC,PJ_000270,681,401,40176.09,Maintenance,1,,Validée
271,2024-05-21,OP,PJ_000271,625,401,42295.68,Achats matériaux,4,PROJ_016,Validée
272,2024-05-08,AC,PJ_000272,623,401,40628.95,Honoraires consultant,6,PROJ_010,Brouillon
273,2024-05-09,TR,PJ_000273,606,401,5556.4,Facture fournisseur,1,PROJ_016,Validée
274,2024-05-10,TR,PJ_000274,623,401,46550.78,Honoraires consultant,7,PROJ_008,Validée
275,2024-05-17,TR,PJ_000275,625,401,3799.28,Services sous-traitance,5,PROJ_001,Validée
276,2024-05-08,AC,PJ_000276,641,401,2562.81,Services sous-traitance,1,,Validée
277,2024-05-24,TR,PJ_000277,625,401,2260.76,Achats matériaux,4,PROJ_015,Brouillon
278,2024-05-19,OP,PJ_000278,615,401,9667.18,Honoraires consultant,5,PROJ_008,Validée
279,2024-05-06,TR,PJ_000279,623,401,4589.57,Facture fournisseur,8,PROJ_009,Validée
280,2024-05-18,TR,PJ_000280,626,401,1016.17,Maintenance,9,PROJ_018,Validée
281,2024-05-04,TR,PJ_000281,615,401,14994.69,Honoraires consultant,5,PROJ_016,Validée
282,2024-05-28,VE,PJ_000282,641,401,8253.6,Facture fournisseur,8,PROJ_009,Validée
283,2024-05-27,VE,PJ_000283,606,401,27729.55,Achats matériaux,6,,Brouillon
284,2024-05-12,VE,PJ_000284,606,401,10274.79,Honoraires consultant,3,PROJ_007,Validée
285,2024-05-09,AC,PJ_000285,625,401,27428.82,Honoraires consultant,8,PROJ_014,Validée
286,2024-05-12,TR,PJ_000286,626,401,3165.98,Services sous-traitance,9,PROJ_013,Validée
287,2024-05-21,OP,PJ_000287,615,401,36436.01,Services sous-traitance,7,PROJ_013,Validée
288,2024-05-05,TR,PJ_000288,622,401,29722.21,Services sous-traitance,7,PROJ_007,Validée
289,2024-05-25,OP,PJ_000289,681,401,38175.52,Achats matériaux,10,,Validée
290,2024-05-05,TR,PJ_000290,681,401,44131.81,Services sous-traitance,10,PROJ_010,Validée
291,2024-05-14,OP,PJ_000291,615,401,30991.28,Facture fournisseur,9,PROJ_010,Validée
292,2024-05-22,VE,PJ_000292,626,401,41717.68,Facture fournisseur,2,PROJ_020,Validée
293,2024-05-19,VE,FA_000293,411,706,127875.85,Facture client,8,PROJ_019,Brouillon
294,2024-05-04,VE,FA_000294,411,706,63952.62,Facture client,4,PROJ_010,Validée
295,2024-05-03,VE,FA_000295,411,706,29295.21,Facture client,5,PROJ_008,Validée
296,2024-05-10,VE,FA_000296,411,706,96742.51,Facture client,9,PROJ_013,Validée
297,2024-05-23,VE,FA_000297,411,701,132396.75,Facture client,3,PROJ_005,Validée
298,2024-05-23,VE,FA_000298,411,706,108412.08,Facture client,8,PROJ_002,Validée
299,2024-05-19,VE,FA_000299,411,706,47774.9,Facture client,3,PROJ_017,Validée
300,2024-05-19,VE,FA_000300,411,701,18197.13,Facture client,10,PROJ_006,Validée
301,2024-05-04,VE,FA_000301,411,706,82417.67,Facture client,4,PROJ_017,Validée
302,2024-05-18,VE,FA_000302,411,701,61999.08,Facture client,9,PROJ_013,Validée
303,2024-05-06,VE,FA_000303,411,706,99064.83,Facture client,6,PROJ_015,Validée
304,2024-05-11,VE,FA_000304,411,706,113598.09,Facture client,5,PROJ_020,Validée
305,2024-05-18,VE,FA_000305,411,701,33141.18,Facture client,1,PROJ_013,Validée
306,2024-05-27,VE,FA_000306,411,701,51821.58,Facture client,3,PROJ_010,Validée
307,2024-05-26,VE,FA_000307,411,701,132182.24,Facture client,5,PROJ_020,Validée
308,2024-05-10,TR,BQ_000308,401,512,72071.81,Paiement fournisseur,10,,Validée
309,2024-05-04,TR,BQ_000309,512,411,181743.53,Encaissement client,3,PROJ_001,Validée
310,2024-05-24,TR,BQ_000310,401,512,77723.73,Paiement fournisseur,6,,Validée
311,2024-05-14,TR,BQ_000311,401,512,17858.64,Paiement fournisseur,4,,Validée
312,2024-05-24,TR,BQ_000312,401,512,6273.25,Paiement fournisseur,8,,Validée
313,2024-05-12,TR,BQ_000313,512,411,16894.65,Encaissement client,7,PROJ_003,Validée
314,2024-05-23,TR,BQ_000314,401,512,28706.89,Paiement fournisseur,6,,Validée
315,2024-05-10,TR,BQ_000315,401,512,30473.21,Paiement fournisseur,9,,Validée
316,2024-06-13,OP,PJ_000316,623,401,42727.94,Achats matériaux,10,PROJ_004,Validée
317,2024-06-27,OP,PJ_000317,641,401,17693.49,Achats matériaux,8,PROJ_015,Brouillon
318,2024-06-21,TR,PJ_000318,681,401,3086.77,Facture fournisseur,5,PROJ_018,Validée
319,2024-06-23,TR,PJ_000319,606,401,10305.83,Services sous-traitance,3,PROJ_012,Validée
320,2024-06-09,AC,PJ_000320,623,401,1590.74,Achats matériaux,9,PROJ_001,Validée
321,2024-06-02,OP,PJ_000321,606,401,20496.9,Facture fournisseur,1,PROJ_014,Validée
322,2024-06-01,AC,PJ_000322,615,401,21717.21,Facture fournisseur,2,,Brouillon
323,2024-06-19,VE,PJ_000323,623,401,32723.19,Maintenance,10,PROJ_019,Validée
324,2024-06-07,VE,PJ_000324,641,401,43670.72,Maintenance,4,PROJ_008,Brouillon
325,2024-06-22,VE,PJ_000325,622,401,8500.18,Honoraires consultant,9,PROJ_017,Validée
326,2024-06-25,OP,PJ_000326,681,401,5160.52,Maintenance,1,PROJ_003,Validée
327,2024-06-20,OP,PJ_000327,615,401,22858.99,Services sous-traitance,3,PROJ_011,Validée
328,2024-06-10,TR,PJ_000328,623,401,5154.79,Facture fournisseur,4,,Validée
329,2024-06-09,TR,PJ_000329,626,401,20100.54,Achats matériaux,10,PROJ_006,Validée
330,2024-06-07,AC,PJ_000330,622,401,30866.92,Services sous-traitance,2,,Validée
331,2024-06-28,TR,PJ_000331,681,401,10499.78,Honoraires consultant,5,PROJ_006,Pointée
332,2024-06-19,TR,PJ_000332,622,401,44179.61,Facture fournisseur,7,,Validée
333,2024-06-02,VE,PJ_000333,615,401,8714.77,Services sous-traitance,7,,Validée
334,2024-06-03,AC,PJ_000334,623,401,26606.28,Achats matériaux,10,,Validée
335,2024-06-28,TR,PJ_000335,626,401,42979.76,Achats matériaux,6,PROJ_012,Pointée
336,2024-06-02,TR,PJ_000336,606,401,41171.03,Honoraires consultant,8,PROJ_003,Brouillon
337,2024-06-26,TR,PJ_000337,681,401,12594.83,Achats matériaux,1,,Validée
338,2024-06-09,VE,PJ_000338,615,401,37113.73,Services sous-traitance,9,PROJ_017,Validée
339,2024-06-11,OP,PJ_000339,622,401,42265.0,Facture fournisseur,4,PROJ_002,Validée
340,2024-06-08,OP,PJ_000340,641,401,688.95,Facture fournisseur,4,,Validée
341,2024-06-23,OP,PJ_000341,623,401,4315.36,Achats matériaux,9,,Validée
342,2024-06-21,AC,PJ_000342,625,401,2142.87,Maintenance,4,PROJ_007,Validée
343,2024-06-28,VE,PJ_000343,622,401,33416.75,Facture fournisseur,6,PROJ_002,Validée
344,2024-06-06,AC,PJ_000344,681,401,11723.15,Services sous-traitance,3,PROJ_014,Validée
345,2024-06-17,TR,PJ_000345,626,401,2580.22,Achats matériaux,6,,Brouillon
346,2024-06-19,OP,PJ_000346,615,401,48652.43,Services sous-traitance,9,PROJ_013,Pointée
347,2024-06-09,OP,PJ_000347,606,401,15585.18,Maintenance,3,PROJ_014,Validée
348,2024-06-21,TR,PJ_000348,606,401,27264.57,Facture fournisseur,1,PROJ_014,Validée
349,2024-06-03,VE,PJ_000349,626,401,11704.4,Facture fournisseur,4,,Brouillon
350,2024-06-02,VE,PJ_000350,626,401,33556.33,Facture fournisseur,8,,Validée
351,2024-06-17,TR,PJ_000351,622,401,14621.87,Services sous-traitance,2,PROJ_005,Validée
352,2024-06-05,AC,PJ_000352,625,401,30149.44,Honoraires consultant,9,PROJ_004,Brouillon
353,2024-06-02,AC,PJ_000353,681,401,44009.46,Honoraires consultant,7,PROJ_012,Brouillon
354,2024-06-14,AC,PJ_000354,622,401,38807.04,Achats matériaux,4,PROJ_008,Brouillon
355,2024-06-06,AC,PJ_000355,622,401,29789.01,Maintenance,7,PROJ_004,Validée
356,2024-06-13,VE,FA_000356,411,706,145907.27,Facture client,2,PROJ_002,Validée
357,2024-06-09,VE,FA_000357,411,701,80877.25,Facture client,6,PROJ_006,Validée
358,2024-06-18,VE,FA_000358,411,706,60659.43,Facture client,6,PROJ_008,Validée
359,2024-06-10,VE,FA_000359,411,701,146014.58,Facture client,1,PROJ_003,Validée
360,2024-06-03,VE,FA_000360,411,706,72645.54,Facture client,8,PROJ_017,Validée
361,2024-06-06,VE,FA_000361,411,701,129579.04,Facture client,8,PROJ_011,Validée
362,2024-06-01,VE,FA_000362,411,701,57440.49,Facture client,5,PROJ_017,Validée
363,2024-06-10,VE,FA_000363,411,706,51088.44,Facture client,9,PROJ_009,Validée
364,2024-06-17,VE,FA_000364,411,706,96389.31,Facture client,5,PROJ_019,Validée
365,2024-06-23,VE,FA_000365,411,701,132391.15,Facture client,3,PROJ_011,Validée
366,2024-06-14,VE,FA_000366,411,706,33128.55,Facture client,3,PROJ_012,Validée
367,2024-06-21,VE,FA_000367,411,701,46144.26,Facture client,1,PROJ_013,Validée
368,2024-06-28,VE,FA_000368,411,706,124967.76,Facture client,9,PROJ_014,Validée
369,2024-06-13,VE,FA_000369,411,701,126142.26,Facture client,4,PROJ_018,Validée
370,2024-06-04,VE,FA_000370,411,701,63737.44,Facture client,4,PROJ_018,Validée
371,2024-06-15,TR,BQ_000371,401,512,76361.91,Paiement fournisseur,1,,Validée
372,2024-06-12,TR,BQ_000372,512,411,77406.55,Encaissement client,7,PROJ_002,Validée
373,2024-06-09,TR,BQ_000373,401,512,89363.71,Paiement fournisseur,10,,Validée
374,2024-06-14,TR,BQ_000374,401,512,91762.26,Paiement fournisseur,9,,Validée
375,2024-06-07,TR,BQ_000375,401,512,73777.44,Paiement fournisseur,5,,Validée
376,2024-06-02,TR,BQ_000376,401,512,83756.68,Paiement fournisseur,8,,Validée
377,2024-06-02,TR,BQ_000377,512,411,90186.51,Encaissement client,3,PROJ_011,Validée
378,2024-06-01,TR,BQ_000378,512,411,85880.06,Encaissement client,5,PROJ_017,Validée
379,2024-07-25,AC,PJ_000379,626,401,36594.09,Maintenance,5,PROJ_018,Validée
380,2024-07-13,AC,PJ_000380,626,401,14131.37,Achats matériaux,2,PROJ_003,Brouillon
381,2024-07-15,OP,PJ_000381,681,401,38087.88,Services sous-traitance,10,PROJ_004,Validée
382,2024-07-24,TR,PJ_000382,623,401,19040.37,Honoraires consultant,7,,Brouillon
383,2024-07-01,OP,PJ_000383,625,401,47358.9,Achats matériaux,2,PROJ_011,Validée
384,2024-07-27,AC,PJ_000384,606,401,20776.63,Honoraires consultant,8,PROJ_020,Validée
385,2024-07-06,TR,PJ_000385,606,401,22973.08,Honoraires consultant,2,PROJ_003,Pointée
386,2024-07-04,VE,PJ_000386,626,401,5415.46,Services sous-traitance,10,PROJ_006,Validée
387,2024-07-15,VE,PJ_000387,625,401,24648.63,Achats matériaux,5,PROJ_005,Validée
388,2024-07-06,TR,PJ_000388,606,401,30345.67,Facture fournisseur,4,,Pointée
389,2024-07-22,AC,PJ_000389,606,401,27299.68,Facture fournisseur,2,,Validée
390,2024-07-23,VE,PJ_000390,615,401,22301.85,Honoraires consultant,3,,Validée
391,2024-07-12,OP,PJ_000391,641,401,12134.34,Maintenance,3,,Validée
392,2024-07-03,VE,PJ_000392,622,401,7950.81,Maintenance,3,PROJ_003,Brouillon
393,2024-07-08,TR,PJ_000393,615,401,16628.24,Services sous-traitance,5,PROJ_008,Validée
394,2024-07-17,VE,PJ_000394,622,401,35688.79,Services sous-traitance,5,PROJ_013,Validée
395,2024-07-22,OP,PJ_000395,641,401,6967.29,Maintenance,5,PROJ_020,Validée
396,2024-07-26,AC,PJ_000396,622,401,47230.08,Services sous-traitance,10,PROJ_012,Validée
397,2024-07-06,VE,PJ_000397,623,401,29642.21,Services sous-traitance,1,PROJ_015,Validée
398,2024-07-25,AC,PJ_000398,622,401,18432.27,Honoraires consultant,2,PROJ_015,Validée
399,2024-07-04,OP,PJ_000399,681,401,40426.17,Facture fournisseur,8,PROJ_017,Validée
400,2024-07-01,OP,PJ_000400,641,401,44707.97,Services sous-traitance,5,PROJ_014,Validée
401,2024-07-23,TR,PJ_000401,626,401,1446.25,Honoraires consultant,6,PROJ_010,Validée
402,2024-07-21,VE,PJ_000402,606,401,18256.42,Services sous-traitance,8,PROJ_015,Pointée
403,2024-07-18,AC,PJ_000403,681,401,34002.65,Services sous-traitance,1,PROJ_005,Validée
404,2024-07-05,TR,PJ_000404,625,401,780.46,Maintenance,9,PROJ_004,Validée
405,2024-07-08,VE,PJ_000405,626,401,20255.46,Maintenance,6,PROJ_008,Validée
406,2024-07-28,TR,PJ_000406,615,401,29063.51,Honoraires consultant,3,PROJ_016,Validée
407,2024-07-17,VE,PJ_000407,623,401,25280.9,Maintenance,2,,Validée
408,2024-07-15,VE,PJ_000408,641,401,10950.07,Services sous-traitance,8,,Validée
409,2024-07-23,AC,PJ_000409,641,401,45352.49,Honoraires consultant,7,,Validée
410,2024-07-21,OP,PJ_000410,625,401,2166.62,Services sous-traitance,9,PROJ_017,Validée
411,2024-07-10,TR,PJ_000411,626,401,29500.31,Maintenance,4,PROJ_014,Validée
412,2024-07-14,TR,PJ_000412,641,401,41215.47,Maintenance,7,PROJ_012,Validée
413,2024-07-14,TR,PJ_000413,615,401,44158.61,Services sous-traitance,9,PROJ_015,Validée
414,2024-07-17,VE,PJ_000414,615,401,25800.89,Facture fournisseur,7,PROJ_008,Validée
415,2024-07-05,TR,PJ_000415,625,401,47052.2,Maintenance,9,PROJ_019,Validée
416,2024-07-02,TR,PJ_000416,615,401,16010.72,Services sous-traitance,3,PROJ_016,Brouillon
417,2024-07-19,VE,PJ_000417,641,401,4919.83,Achats matériaux,1,PROJ_010,Validée
418,2024-07-21,AC,PJ_000418,625,401,35795.78,Facture fournisseur,8,PROJ_017,Validée
419,2024-07-25,VE,FA_000419,411,701,51727.31,Facture client,4,PROJ_019,Validée
420,2024-07-05,VE,FA_000420,411,701,16746.04,Facture client,6,PROJ_016,Validée
421,2024-07-09,VE,FA_000421,411,706,76635.48,Facture client,2,PROJ_014,Validée
422,2024-07-09,VE,FA_000422,411,701,17329.7,Facture client,2,PROJ_005,Validée
423,2024-07-02,VE,FA_000423,411,701,39679.17,Facture client,6,PROJ_011,Validée
424,2024-07-22,VE,FA_000424,411,701,40203.7,Facture client,7,PROJ_013,Validée
425,2024-07-09,VE,FA_000425,411,701,29124.13,Facture client,4,PROJ_018,Validée
426,2024-07-06,VE,FA_000426,411,701,100276.56,Facture client,8,PROJ_001,Validée
427,2024-07-28,VE,FA_000427,411,701,16020.97,Facture client,9,PROJ_017,Validée
428,2024-07-10,VE,FA_000428,411,701,86132.8,Facture client,5,PROJ_010,Validée
429,2024-07-05,VE,FA_000429,411,706,137549.62,Facture client,6,PROJ_017,Validée
430,2024-07-10,VE,FA_000430,411,701,14399.06,Facture client,6,PROJ_017,Validée
431,2024-07-20,VE,FA_000431,411,701,11389.33,Facture client,9,PROJ_004,Validée
432,2024-07-26,VE,FA_000432,411,706,104855.92,Facture client,7,PROJ_016,Validée
433,2024-07-08,VE,FA_000433,411,706,28412.56,Facture client,6,PROJ_010,Validée
434,2024-07-09,TR,BQ_000434,512,411,60460.74,Encaissement client,5,PROJ_001,Validée
435,2024-07-23,TR,BQ_000435,401,512,38069.08,Paiement fournisseur,5,,Validée
436,2024-07-04,TR,BQ_000436,401,512,88529.24,Paiement fournisseur,3,,Validée
437,2024-07-09,TR,BQ_000437,401,512,83827.5,Paiement fournisseur,7,,Validée
438,2024-07-25,TR,BQ_000438,512,411,49348.03,Encaissement client,4,PROJ_008,Validée
439,2024-07-03,TR,BQ_000439,401,512,94050.95,Paiement fournisseur,2,,Validée
440,2024-07-28,TR,BQ_000440,401,512,10673.07,Paiement fournisseur,10,,Validée
441,2024-07-04,TR,BQ_000441,401,512,94558.81,Paiement fournisseur,5,,Validée
442,2024-08-24,VE,PJ_000442,622,401,49570.73,Maintenance,6,PROJ_012,Validée
443,2024-08-25,VE,PJ_000443,622,401,31309.48,Honoraires consultant,3,,Validée
444,2024-08-08,OP,PJ_000444,623,401,45367.84,Services sous-traitance,1,PROJ_020,Validée
445,2024-08-22,OP,PJ_000445,641,401,23764.42,Facture fournisseur,2,PROJ_018,Validée
446,2024-08-20,TR,PJ_000446,626,401,11897.42,Facture fournisseur,2,PROJ_002,Validée
447,2024-08-26,AC,PJ_000447,626,401,34141.21,Achats matériaux,10,,Validée
448,2024-08-03,AC,PJ_000448,681,401,8704.61,Maintenance,1,,Pointée
449,2024-08-18,TR,PJ_000449,623,401,42762.35,Facture fournisseur,4,PROJ_016,Validée
450,2024-08-27,AC,PJ_000450,623,401,49066.61,Services sous-traitance,5,PROJ_019,Validée
451,2024-08-06,VE,PJ_000451,626,401,31305.99,Maintenance,3,PROJ_002,Validée
452,2024-08-11,VE,PJ_000452,615,401,26312.25,Honoraires consultant,10,PROJ_004,Validée
453,2024-08-01,AC,PJ_000453,622,401,23182.62,Maintenance,8,PROJ_012,Validée
454,2024-08-10,TR,PJ_000454,681,401,39328.83,Maintenance,10,PROJ_010,Validée
455,2024-08-02,TR,PJ_000455,622,401,25976.84,Honoraires consultant,9,PROJ_012,Validée
456,2024-08-10,VE,PJ_000456,681,401,45118.46,Services sous-traitance,2,PROJ_007,Validée
457,2024-08-20,VE,PJ_000457,622,401,4990.72,Services sous-traitance,1,PROJ_014,Validée
458,2024-08-13,TR,PJ_000458,625,401,12924.57,Services sous-traitance,2,PROJ_018,Brouillon
459,2024-08-26,TR,PJ_000459,641,401,45952.83,Achats matériaux,9,,Validée
460,2024-08-17,TR,PJ_000460,625,401,7834.81,Facture fournisseur,4,PROJ_011,Validée
461,2024-08-21,VE,PJ_000461,622,401,26076.57,Services sous-traitance,7,PROJ_007,Validée
462,2024-08-05,TR,PJ_000462,641,401,21262.68,Achats matériaux,4,PROJ_020,Validée
463,2024-08-08,OP,PJ_000463,681,401,9713.73,Maintenance,9,PROJ_015,Brouillon
464,2024-08-01,TR,PJ_000464,622,401,20765.9,Honoraires consultant,4,PROJ_010,Validée
465,2024-08-02,OP,PJ_000465,625,401,43856.21,Maintenance,7,PROJ_009,Validée
466,2024-08-25,VE,PJ_000466,625,401,3535.88,Facture fournisseur,10,,Validée
467,2024-08-21,OP,PJ_000467,681,401,15545.15,Services sous-traitance,6,PROJ_012,Validée
468,2024-08-04,AC,PJ_000468,625,401,37223.87,Achats matériaux,2,PROJ_005,Validée
469,2024-08-27,AC,PJ_000469,626,401,13936.21,Services sous-traitance,6,PROJ_016,Validée
470,2024-08-21,TR,PJ_000470,606,401,27352.31,Services sous-traitance,7,PROJ_010,Validée
471,2024-08-02,AC,PJ_000471,606,401,39141.27,Services sous-traitance,10,PROJ_017,Validée
472,2024-08-20,OP,PJ_000472,625,401,31791.9,Honoraires consultant,6,PROJ_019,Validée
473,2024-08-09,VE,PJ_000473,681,401,22716.28,Services sous-traitance,6,PROJ_007,Brouillon
474,2024-08-25,OP,PJ_000474,606,401,14066.54,Honoraires consultant,9,PROJ_006,Validée
475,2024-08-21,OP,PJ_000475,606,401,42898.59,Maintenance,7,PROJ_017,Validée
476,2024-08-15,TR,PJ_000476,681,401,25580.3,Maintenance,2,,Validée
477,2024-08-03,VE,PJ_000477,606,401,1065.19,Achats matériaux,7,,Validée
478,2024-08-19,AC,PJ_000478,606,401,35456.56,Services sous-traitance,5,PROJ_016,Brouillon
479,2024-08-13,VE,PJ_000479,622,401,48094.91,Services sous-traitance,10,PROJ_004,Validée
480,2024-08-02,OP,PJ_000480,606,401,43634.99,Honoraires consultant,8,,Validée
481,2024-08-03,OP,PJ_000481,622,401,42608.67,Services sous-traitance,2,,Validée
482,2024-08-01,VE,FA_000482,411,706,86840.21,Facture client,5,PROJ_011,Validée
483,2024-08-12,VE,FA_000483,411,701,96980.94,Facture client,5,PROJ_014,Validée
484,2024-08-24,VE,FA_000484,411,706,119726.38,Facture client,2,PROJ_016,Validée
485,2024-08-22,VE,FA_000485,411,706,56543.86,Facture client,7,PROJ_004,Brouillon
486,2024-08-20,VE,FA_000486,411,701,104007.08,Facture client,7,PROJ_014,Validée
487,2024-08-22,VE,FA_000487,411,706,94154.38,Facture client,8,PROJ_018,Validée
488,2024-08-09,VE,FA_000488,411,706,147251.62,Facture client,10,PROJ_017,Validée
489,2024-08-26,VE,FA_000489,411,706,25862.49,Facture client,9,PROJ_005,Validée
490,2024-08-20,VE,FA_000490,411,701,69182.01,Facture client,1,PROJ_012,Validée
491,2024-08-03,VE,FA_000491,411,701,38746.61,Facture client,3,PROJ_016,Validée
492,2024-08-24,VE,FA_000492,411,706,101945.85,Facture client,10,PROJ_011,Validée
493,2024-08-27,VE,FA_000493,411,706,20581.71,Facture client,4,PROJ_009,Validée
494,2024-08-12,VE,FA_000494,411,701,74123.11,Facture client,2,PROJ_002,Validée
495,2024-08-06,VE,FA_000495,411,706,45125.03,Facture client,9,PROJ_001,Validée
496,2024-08-06,VE,FA_000496,411,706,53807.04,Facture client,2,PROJ_004,Validée
497,2024-08-26,TR,BQ_000497,401,512,63164.52,Paiement fournisseur,6,,Validée
498,2024-08-19,TR,BQ_000498,401,512,24250.1,Paiement fournisseur,6,,Validée
499,2024-08-04,TR,BQ_000499,401,512,69610.63,Paiement fournisseur,1,,Validée
500,2024-08-17,TR,BQ_000500,512,411,187890.76,Encaissement client,9,PROJ_004,Validée
501,2024-08-19,TR,BQ_000501,401,512,42908.36,Paiement fournisseur,10,,Validée
502,2024-08-06,TR,BQ_000502,401,512,14679.84,Paiement fournisseur,2,,Validée
503,2024-08-27,TR,BQ_000503,401,512,13799.42,Paiement fournisseur,5,,Validée
504,2024-08-25,TR,BQ_000504,401,512,29577.61,Paiement fournisseur,9,,Validée
505,2024-09-27,TR,PJ_000505,623,401,948.18,Facture fournisseur,9,PROJ_018,Validée
506,2024-09-08,AC,PJ_000506,641,401,32872.71,Maintenance,1,,Validée
507,2024-09-16,OP,PJ_000507,625,401,45602.83,Achats matériaux,3,,Validée
508,2024-09-16,TR,PJ_000508,641,401,4516.88,Achats matériaux,2,PROJ_019,Validée
509,2024-09-13,OP,PJ_000509,615,401,39445.09,Facture fournisseur,7,PROJ_014,Validée
510,2024-09-14,AC,PJ_000510,625,401,18870.09,Services sous-traitance,9,PROJ_001,Brouillon
511,2024-09-09,OP,PJ_000511,625,401,2232.89,Achats matériaux,10,,Validée
512,2024-09-26,VE,PJ_000512,623,401,25221.87,Services sous-traitance,5,PROJ_018,Validée
513,2024-09-22,VE,PJ_000513,606,401,39362.34,Honoraires consultant,4,PROJ_007,Validée
514,2024-09-22,TR,PJ_000514,641,401,1901.41,Facture fournisseur,7,PROJ_006,Validée
515,2024-09-01,AC,PJ_000515,681,401,46239.33,Honoraires consultant,5,PROJ_018,Brouillon
516,2024-09-13,OP,PJ_000516,622,401,41411.16,Maintenance,5,,Brouillon
517,2024-09-27,OP,PJ_000517,606,401,25992.78,Honoraires consultant,10,PROJ_013,Validée
518,2024-09-23,TR,PJ_000518,626,401,47664.34,Achats matériaux,1,PROJ_007,Validée
519,2024-09-17,AC,PJ_000519,626,401,5577.11,Services sous-traitance,3,PROJ_009,Brouillon
520,2024-09-10,TR,PJ_000520,641,401,44276.64,Services sous-traitance,9,,Validée
521,2024-09-15,AC,PJ_000521,681,401,33845.45,Maintenance,7,PROJ_008,Brouillon
522,2024-09-05,VE,PJ_000522,626,401,36753.85,Facture fournisseur,1,PROJ_010,Brouillon
523,2024-09-26,TR,PJ_000523,622,401,18036.43,Maintenance,2,PROJ_011,Validée
524,2024-09-23,OP,PJ_000524,622,401,12564.61,Maintenance,8,PROJ_009,Validée
525,2024-09-01,VE,PJ_000525,681,401,27274.8,Achats matériaux,1,,Validée
526,2024-09-13,VE,PJ_000526,625,401,43591.08,Honoraires consultant,1,PROJ_007,Validée
527,2024-09-26,AC,PJ_000527,625,401,25858.1,Achats matériaux,1,PROJ_017,Pointée
528,2024-09-01,AC,PJ_000528,622,401,1397.14,Facture fournisseur,3,PROJ_011,Validée
529,2024-09-28,VE,PJ_000529,623,401,44137.39,Facture fournisseur,8,PROJ_016,Validée
530,2024-09-12,AC,PJ_000530,641,401,17014.61,Honoraires consultant,3,PROJ_009,Brouillon
531,2024-09-03,VE,PJ_000531,626,401,1161.7,Facture fournisseur,8,,Validée
532,2024-09-02,VE,PJ_000532,626,401,3815.19,Maintenance,9,PROJ_015,Validée
533,2024-09-25,VE,PJ_000533,615,401,49094.51,Honoraires consultant,6,PROJ_010,Validée
534,2024-09-19,VE,PJ_000534,681,401,3965.17,Services sous-traitance,7,PROJ_020,Validée
535,2024-09-11,VE,PJ_000535,622,401,46499.78,Achats matériaux,1,PROJ_002,Validée
536,2024-09-15,TR,PJ_000536,681,401,2908.55,Facture fournisseur,10,PROJ_016,Validée
537,2024-09-07,TR,PJ_000537,606,401,34034.93,Services sous-traitance,5,,Validée
538,2024-09-27,AC,PJ_000538,641,401,8909.11,Maintenance,6,PROJ_017,Validée
539,2024-09-03,VE,PJ_000539,623,401,21941.57,Achats matériaux,5,PROJ_010,Validée
540,2024-09-13,TR,PJ_000540,681,401,35782.49,Services sous-traitance,9,,Validée
541,2024-09-12,OP,PJ_000541,641,401,36355.05,Facture fournisseur,10,PROJ_012,Validée
542,2024-09-23,TR,PJ_000542,606,401,33145.78,Facture fournisseur,3,PROJ_001,Validée
543,2024-09-28,VE,PJ_000543,625,401,23424.18,Services sous-traitance,4,PROJ_010,Validée
544,2024-09-15,TR,PJ_000544,641,401,41171.57,Maintenance,10,PROJ_012,Validée
545,2024-09-08,VE,FA_000545,411,701,14360.87,Facture client,6,PROJ_006,Validée
546,2024-09-03,VE,FA_000546,411,706,125405.76,Facture client,8,PROJ_014,Validée
547,2024-09-06,VE,FA_000547,411,706,70057.89,Facture client,8,PROJ_008,Validée
548,2024-09-07,VE,FA_000548,411,706,149462.07,Facture client,2,PROJ_002,Validée
549,2024-09-01,VE,FA_000549,411,706,90738.34,Facture client,6,PROJ_016,Validée
550,2024-09-12,VE,FA_000550,411,701,55729.49,Facture client,10,PROJ_003,Brouillon
551,2024-09-03,VE,FA_000551,411,706,89962.72,Facture client,1,PROJ_003,Validée
552,2024-09-27,VE,FA_000552,411,706,128885.06,Facture client,5,PROJ_003,Validée
553,2024-09-14,VE,FA_000553,411,701,138324.46,Facture client,4,PROJ_015,Validée
554,2024-09-26,VE,FA_000554,411,706,88875.35,Facture client,5,PROJ_010,Validée
555,2024-09-04,VE,FA_000555,411,701,148695.08,Facture client,3,PROJ_011,Validée
556,2024-09-11,VE,FA_000556,411,706,91037.62,Facture client,3,PROJ_011,Validée
557,2024-09-23,VE,FA_000557,411,701,96593.79,Facture client,5,PROJ_019,Validée
558,2024-09-18,VE,FA_000558,411,701,100931.25,Facture client,10,PROJ_020,Validée
559,2024-09-14,VE,FA_000559,411,701,17468.72,Facture client,2,PROJ_018,Validée
560,2024-09-11,TR,BQ_000560,512,411,105068.29,Encaissement client,9,PROJ_009,Validée
561,2024-09-22,TR,BQ_000561,512,411,39679.25,Encaissement client,7,PROJ_004,Validée
562,2024-09-01,TR,BQ_000562,512,411,143976.44,Encaissement client,6,PROJ_018,Validée
563,2024-09-15,TR,BQ_000563,401,512,95130.72,Paiement fournisseur,2,,Validée
564,2024-09-20,TR,BQ_000564,401,512,7371.79,Paiement fournisseur,8,,Validée
565,2024-09-22,TR,BQ_000565,401,512,91470.24,Paiement fournisseur,8,,Validée
566,2024-09-26,TR,BQ_000566,401,512,19600.65,Paiement fournisseur,5,,Validée
567,2024-09-17,TR,BQ_000567,512,411,185048.43,Encaissement client,10,PROJ_011,Validée
568,2024-10-08,OP,PJ_000568,626,401,5197.97,Maintenance,8,,Validée
569,2024-10-17,TR,PJ_000569,641,401,30538.92,Services sous-traitance,7,PROJ_015,Validée
570,2024-10-27,TR,PJ_000570,681,401,37002.59,Facture fournisseur,3,,Validée
571,2024-10-17,OP,PJ_000571,606,401,31320.21,Honoraires consultant,4,PROJ_012,Validée
572,2024-10-10,OP,PJ_000572,626,401,46929.28,Services sous-traitance,2,,Validée
573,2024-10-02,VE,PJ_000573,626,401,24010.07,Achats matériaux,4,PROJ_020,Pointée
574,2024-10-25,TR,PJ_000574,623,401,48404.19,Services sous-traitance,8,,Validée
575,2024-10-10,AC,PJ_000575,623,401,13194.92,Honoraires consultant,4,,Validée
576,2024-10-18,OP,PJ_000576,681,401,17460.93,Achats matériaux,7,PROJ_014,Validée
577,2024-10-05,VE,PJ_000577,681,401,24185.56,Services sous-traitance,7,,Validée
578,2024-10-10,VE,PJ_000578,625,401,41207.87,Achats matériaux,9,,Validée
579,2024-10-18,TR,PJ_000579,606,401,33527.01,Achats matériaux,7,PROJ_017,Validée
580,2024-10-08,OP,PJ_000580,625,401,18887.63,Achats matériaux,9,PROJ_012,Validée
581,2024-10-28,OP,PJ_000581,681,401,18389.49,Achats matériaux,7,PROJ_008,Validée
582,2024-10-17,VE,PJ_000582,622,401,40983.89,Honoraires consultant,9,PROJ_014,Validée
583,2024-10-04,TR,PJ_000583,606,401,48526.65,Honoraires consultant,6,,Brouillon
584,2024-10-21,TR,PJ_000584,622,401,14292.83,Honoraires consultant,6,PROJ_006,Pointée
585,2024-10-08,VE,PJ_000585,626,401,18872.89,Services sous-traitance,10,PROJ_012,Validée
586,2024-10-05,AC,PJ_000586,641,401,9168.6,Facture fournisseur,5,PROJ_007,Validée
587,2024-10-04,OP,PJ_000587,615,401,532.34,Achats matériaux,1,PROJ_013,Validée
588,2024-10-04,OP,PJ_000588,625,401,23187.02,Facture fournisseur,8,PROJ_018,Brouillon
589,2024-10-23,TR,PJ_000589,622,401,14927.32,Achats matériaux,7,,Validée
590,2024-10-16,VE,PJ_000590,615,401,30955.06,Facture fournisseur,7,PROJ_018,Validée
591,2024-10-18,AC,PJ_000591,626,401,8950.06,Honoraires consultant,7,PROJ_019,Validée
592,2024-10-09,TR,PJ_000592,641,401,23682.34,Honoraires consultant,7,PROJ_001,Brouillon
593,2024-10-09,AC,PJ_000593,623,401,42039.43,Services sous-traitance,2,,Validée
594,2024-10-12,VE,PJ_000594,606,401,36367.62,Facture fournisseur,8,,Validée
595,2024-10-01,VE,PJ_000595,626,401,30733.15,Services sous-traitance,7,,Validée
596,2024-10-26,AC,PJ_000596,681,401,34030.96,Achats matériaux,6,,Validée
597,2024-10-22,AC,PJ_000597,622,401,4833.66,Services sous-traitance,8,,Pointée
598,2024-10-08,TR,PJ_000598,622,401,46693.65,Facture fournisseur,6,PROJ_006,Validée
599,2024-10-06,OP,PJ_000599,623,401,47384.49,Maintenance,6,,Validée
600,2024-10-26,VE,PJ_000600,681,401,23053.15,Facture fournisseur,9,PROJ_014,Validée
601,2024-10-28,TR,PJ_000601,681,401,17328.61,Services sous-traitance,1,,Pointée
602,2024-10-01,TR,PJ_000602,681,401,46806.48,Achats matériaux,4,,Validée
603,2024-10-15,TR,PJ_000603,641,401,8558.15,Honoraires consultant,9,PROJ_003,Validée
604,2024-10-22,VE,PJ_000604,623,401,33264.72,Achats matériaux,3,PROJ_005,Validée
605,2024-10-27,OP,PJ_000605,622,401,3252.47,Maintenance,9,PROJ_015,Validée
606,2024-10-18,OP,PJ_000606,623,401,44830.36,Facture fournisseur,6,,Validée
607,2024-10-26,TR,PJ_000607,606,401,30387.95,Maintenance,6,,Validée
608,2024-10-20,VE,FA_000608,411,701,50312.35,Facture client,10,PROJ_014,Validée
609,2024-10-14,VE,FA_000609,411,706,98513.34,Facture client,9,PROJ_005,Validée
610,2024-10-11,VE,FA_000610,411,701,58154.08,Facture client,7,PROJ_004,Validée
611,2024-10-21,VE,FA_000611,411,706,124937.34,Facture client,8,PROJ_003,Validée
612,2024-10-10,VE,FA_000612,411,701,55751.26,Facture client,8,PROJ_011,Validée
613,2024-10-05,VE,FA_000613,411,701,23823.21,Facture client,7,PROJ_005,Validée
614,2024-10-13,VE,FA_000614,411,701,91910.98,Facture client,9,PROJ_016,Validée
615,2024-10-08,VE,FA_000615,411,706,14542.08,Facture client,7,PROJ_013,Validée
616,2024-10-22,VE,FA_000616,411,706,69296.71,Facture client,9,PROJ_007,Brouillon
617,2024-10-21,VE,FA_000617,411,706,43609.9,Facture client,7,PROJ_020,Validée
618,2024-10-01,VE,FA_000618,411,706,74110.06,Facture client,5,PROJ_015,Validée
619,2024-10-25,VE,FA_000619,411,706,90868.45,Facture client,10,PROJ_015,Validée
620,2024-10-06,VE,FA_000620,411,706,135423.79,Facture client,8,PROJ_015,Validée
621,2024-10-22,VE,FA_000621,411,701,39268.31,Facture client,6,PROJ_017,Validée
622,2024-10-13,VE,FA_000622,411,706,127727.22,Facture client,8,PROJ_015,Validée
623,2024-10-27,TR,BQ_000623,401,512,31196.95,Paiement fournisseur,8,,Validée
624,2024-10-03,TR,BQ_000624,512,411,139047.84,Encaissement client,10,PROJ_017,Validée
625,2024-10-23,TR,BQ_000625,401,512,8102.61,Paiement fournisseur,5,,Validée
626,2024-10-26,TR,BQ_000626,401,512,20315.79,Paiement fournisseur,2,,Validée
627,2024-10-18,TR,BQ_000627,512,411,186339.35,Encaissement client,7,PROJ_012,Validée
628,2024-10-23,TR,BQ_000628,401,512,78489.35,Paiement fournisseur,3,,Validée
629,2024-10-17,TR,BQ_000629,401,512,26990.61,Paiement fournisseur,3,,Validée
630,2024-10-26,TR,BQ_000630,401,512,82393.75,Paiement fournisseur,1,,Validée
631,2024-11-07,AC,PJ_000631,622,401,13139.15,Maintenance,6,PROJ_014,Validée
632,2024-11-15,TR,PJ_000632,681,401,20065.34,Services sous-traitance,4,PROJ_013,Validée
633,2024-11-03,TR,PJ_000633,641,401,11953.34,Services sous-traitance,9,PROJ_002,Brouillon
634,2024-11-24,OP,PJ_000634,615,401,23498.35,Honoraires consultant,9,,Validée
635,2024-11-06,AC,PJ_000635,625,401,26799.05,Honoraires consultant,7,PROJ_011,Brouillon
636,2024-11-23,VE,PJ_000636,681,401,41730.02,Achats matériaux,4,PROJ_006,Validée
637,2024-11-18,VE,PJ_000637,681,401,12850.4,Facture fournisseur,5,PROJ_006,Validée
638,2024-11-27,VE,PJ_000638,622,401,28190.57,Services sous-traitance,1,PROJ_004,Validée
639,2024-11-19,VE,PJ_000639,681,401,17617.4,Services sous-traitance,6,,Validée
640,2024-11-23,OP,PJ_000640,615,401,13663.46,Services sous-traitance,9,PROJ_014,Validée
641,2024-11-17,AC,PJ_000641,641,401,15572.38,Achats matériaux,3,PROJ_005,Validée
642,2024-11-23,TR,PJ_000642,615,401,21151.07,Honoraires consultant,8,PROJ_010,Brouillon
643,2024-11-25,VE,PJ_000643,641,401,34675.08,Facture fournisseur,9,PROJ_020,Validée
644,2024-11-10,OP,PJ_000644,625,401,12073.74,Honoraires consultant,6,PROJ_017,Validée
645,2024-11-02,VE,PJ_000645,615,401,46359.96,Services sous-traitance,1,,Brouillon
646,2024-11-27,VE,PJ_000646,606,401,29370.99,Maintenance,10,PROJ_013,Validée
647,2024-11-22,OP,PJ_000647,622,401,27437.83,Services sous-traitance,8,PROJ_015,Validée
648,2024-11-08,AC,PJ_000648,626,401,5113.21,Services sous-traitance,1,,Validée
649,2024-11-04,AC,PJ_000649,615,401,40956.61,Maintenance,6,PROJ_012,Validée
650,2024-11-23,VE,PJ_000650,641,401,10950.73,Honoraires consultant,4,PROJ_005,Validée
651,2024-11-15,VE,PJ_000651,623,401,20031.33,Services sous-traitance,10,,Validée
652,2024-11-23,TR,PJ_000652,606,401,8118.05,Maintenance,2,PROJ_016,Validée
653,2024-11-22,AC,PJ_000653,622,401,2216.3,Achats matériaux,6,,Brouillon
654,2024-11-20,AC,PJ_000654,641,401,15939.64,Services sous-traitance,3,PROJ_020,Validée
655,2024-11-25,TR,PJ_000655,623,401,7484.83,Achats matériaux,2,,Validée
656,2024-11-11,VE,PJ_000656,623,401,18343.49,Honoraires consultant,2,,Validée
657,2024-11-07,VE,PJ_000657,626,401,6305.37,Services sous-traitance,9,PROJ_019,Pointée
658,2024-11-02,VE,PJ_000658,615,401,22000.89,Achats matériaux,8,PROJ_016,Validée
659,2024-11-07,OP,PJ_000659,681,401,46754.44,Facture fournisseur,7,,Validée
660,2024-11-15,OP,PJ_000660,606,401,41009.83,Facture fournisseur,1,PROJ_010,Validée
661,2024-11-10,TR,PJ_000661,622,401,43345.34,Achats matériaux,8,,Pointée
662,2024-11-03,VE,PJ_000662,622,401,16554.3,Facture fournisseur,6,PROJ_016,Validée
663,2024-11-22,VE,PJ_000663,623,401,21738.59,Facture fournisseur,10,PROJ_008,Validée
664,2024-11-24,VE,PJ_000664,641,401,37480.37,Honoraires consultant,6,,Validée
665,2024-11-20,OP,PJ_000665,606,401,35218.47,Achats matériaux,10,PROJ_012,Validée
666,2024-11-12,VE,PJ_000666,681,401,1878.27,Facture fournisseur,2,PROJ_007,Validée
667,2024-11-01,TR,PJ_000667,681,401,33805.93,Services sous-traitance,2,PROJ_014,Validée
668,2024-11-15,TR,PJ_000668,623,401,44574.02,Honoraires consultant,7,PROJ_010,Validée
669,2024-11-05,VE,PJ_000669,615,401,30245.14,Achats matériaux,6,,Validée
670,2024-11-04,OP,PJ_000670,681,401,36478.52,Honoraires consultant,4,PROJ_001,Validée
671,2024-11-20,VE,FA_000671,411,701,142429.45,Facture client,7,PROJ_013,Validée
672,2024-11-27,VE,FA_000672,411,701,139400.19,Facture client,8,PROJ_019,Validée
673,2024-11-14,VE,FA_000673,411,706,112028.93,Facture client,1,PROJ_013,Validée
674,2024-11-07,VE,FA_000674,411,701,27677.96,Facture client,1,PROJ_009,Validée
675,2024-11-12,VE,FA_000675,411,701,100970.33,Facture client,4,PROJ_008,Validée
676,2024-11-14,VE,FA_000676,411,701,26550.61,Facture client,5,PROJ_003,Validée
677,2024-11-19,VE,FA_000677,411,706,30750.44,Facture client,7,PROJ_008,Validée
678,2024-11-20,VE,FA_000678,411,701,89204.29,Facture client,6,PROJ_002,Validée
679,2024-11-28,VE,FA_000679,411,706,41601.88,Facture client,7,PROJ_001,Validée
680,2024-11-23,VE,FA_000680,411,701,21345.41,Facture client,6,PROJ_011,Validée
681,2024-11-26,VE,FA_000681,411,706,19213.65,Facture client,3,PROJ_001,Validée
682,2024-11-21,VE,FA_000682,411,701,52804.15,Facture client,2,PROJ_020,Validée
683,2024-11-16,VE,FA_000683,411,701,28649.39,Facture client,3,PROJ_005,Validée
684,2024-11-12,VE,FA_000684,411,706,90170.0,Facture client,9,PROJ_007,Validée
685,2024-11-22,VE,FA_000685,411,701,149255.78,Facture client,9,PROJ_020,Validée
686,2024-11-13,TR,BQ_000686,401,512,23643.34,Paiement fournisseur,4,,Validée
687,2024-11-08,TR,BQ_000687,401,512,15264.23,Paiement fournisseur,10,,Validée
688,2024-11-23,TR,BQ_000688,401,512,56430.57,Paiement fournisseur,4,,Validée
689,2024-11-24,TR,BQ_000689,512,411,30041.85,Encaissement client,7,PROJ_014,Validée
690,2024-11-11,TR,BQ_000690,401,512,82906.41,Paiement fournisseur,6,,Validée
691,2024-11-02,TR,BQ_000691,401,512,70484.49,Paiement fournisseur,4,,Validée
692,2024-11-06,TR,BQ_000692,401,512,19622.35,Paiement fournisseur,3,,Validée
693,2024-11-08,TR,BQ_000693,401,512,17890.39,Paiement fournisseur,8,,Validée
694,2024-12-07,AC,PJ_000694,623,401,32227.79,Facture fournisseur,10,PROJ_012,Validée
695,2024-12-21,AC,PJ_000695,681,401,26720.84,Facture fournisseur,9,PROJ_020,Validée
696,2024-12-11,OP,PJ_000696,626,401,46566.8,Achats matériaux,6,PROJ_013,Validée
697,2024-12-28,AC,PJ_000697,615,401,29196.69,Facture fournisseur,6,PROJ_001,Validée
698,2024-12-14,TR,PJ_000698,606,401,3524.68,Services sous-traitance,4,PROJ_015,Validée
699,2024-12-25,VE,PJ_000699,622,401,21033.87,Honoraires consultant,6,PROJ_006,Validée
700,2024-12-25,VE,PJ_000700,606,401,47054.95,Achats matériaux,1,,Validée
701,2024-12-07,VE,PJ_000701,626,401,26500.29,Services sous-traitance,4,,Validée
702,2024-12-28,AC,PJ_000702,623,401,8551.71,Services sous-traitance,6,,Validée
703,2024-12-18,OP,PJ_000703,681,401,43659.7,Honoraires consultant,8,PROJ_018,Validée
704,2024-12-11,VE,PJ_000704,606,401,28509.6,Achats matériaux,3,,Validée
705,2024-12-04,OP,PJ_000705,681,401,30912.8,Achats matériaux,7,PROJ_011,Validée
706,2024-12-12,VE,PJ_000706,615,401,41518.32,Honoraires consultant,7,PROJ_013,Validée
707,2024-12-12,VE,PJ_000707,622,401,2494.13,Honoraires consultant,2,PROJ_005,Validée
708,2024-12-10,AC,PJ_000708,623,401,24323.26,Services sous-traitance,7,PROJ_012,Validée
709,2024-12-01,AC,PJ_000709,641,401,28561.19,Achats matériaux,4,,Validée
710,2024-12-18,OP,PJ_000710,615,401,30173.33,Maintenance,6,,Validée
711,2024-12-27,OP,PJ_000711,623,401,10245.95,Services sous-traitance,2,,Validée
712,2024-12-24,TR,PJ_000712,641,401,27957.01,Achats matériaux,9,PROJ_016,Brouillon
713,2024-12-07,TR,PJ_000713,622,401,30451.93,Facture fournisseur,9,,Validée
714,2024-12-05,VE,PJ_000714,625,401,30415.79,Services sous-traitance,10,PROJ_015,Validée
715,2024-12-27,OP,PJ_000715,615,401,8586.65,Maintenance,3,,Validée
716,2024-12-13,OP,PJ_000716,681,401,47644.56,Achats matériaux,4,PROJ_019,Validée
717,2024-12-13,TR,PJ_000717,625,401,27887.89,Services sous-traitance,9,PROJ_013,Validée
718,2024-12-07,VE,PJ_000718,615,401,5351.38,Facture fournisseur,6,PROJ_005,Validée
719,2024-12-10,VE,PJ_000719,681,401,47325.56,Facture fournisseur,9,PROJ_017,Validée
720,2024-12-14,AC,PJ_000720,623,401,26168.8,Facture fournisseur,7,PROJ_015,Validée
721,2024-12-25,AC,PJ_000721,622,401,7556.55,Maintenance,2,PROJ_019,Validée
722,2024-12-15,TR,PJ_000722,623,401,20977.09,Maintenance,1,,Pointée
723,2024-12-16,TR,PJ_000723,626,401,47857.66,Honoraires consultant,5,,Validée
724,2024-12-15,VE,PJ_000724,641,401,10785.28,Honoraires consultant,2,PROJ_012,Validée
725,2024-12-18,OP,PJ_000725,622,401,31573.4,Services sous-traitance,3,PROJ_014,Pointée
726,2024-12-13,AC,PJ_000726,606,401,11620.54,Services sous-traitance,7,PROJ_019,Validée
727,2024-12-23,TR,PJ_000727,622,401,13996.21,Facture fournisseur,3,PROJ_020,Brouillon
728,2024-12-17,OP,PJ_000728,615,401,47881.25,Services sous-traitance,8,PROJ_013,Validée
729,2024-12-28,TR,PJ_000729,623,401,49828.05,Services sous-traitance,8,,Brouillon
730,2024-12-21,AC,PJ_000730,606,401,21985.58,Facture fournisseur,1,PROJ_019,Validée
731,2024-12-11,TR,PJ_000731,626,401,35185.91,Honoraires consultant,2,PROJ_001,Validée
732,2024-12-07,AC,PJ_000732,623,401,27896.85,Achats matériaux,8,PROJ_008,Validée
733,2024-12-07,TR,PJ_000733,622,401,39120.53,Services sous-traitance,9,PROJ_008,Validée
734,2024-12-13,VE,FA_000734,411,706,71675.48,Facture client,5,PROJ_017,Validée
735,2024-12-02,VE,FA_000735,411,706,50345.83,Facture client,9,PROJ_006,Validée
736,2024-12-06,VE,FA_000736,411,701,22783.23,Facture client,2,PROJ_008,Validée
737,2024-12-21,VE,FA_000737,411,706,76030.93,Facture client,3,PROJ_018,Validée
738,2024-12-20,VE,FA_000738,411,701,67031.17,Facture client,3,PROJ_001,Validée
739,2024-12-13,VE,FA_000739,411,706,79232.96,Facture client,2,PROJ_016,Validée
740,2024-12-19,VE,FA_000740,411,701,123175.28,Facture client,6,PROJ_019,Validée
741,2024-12-10,VE,FA_000741,411,706,35309.92,Facture client,8,PROJ_018,Validée
742,2024-12-13,VE,FA_000742,411,706,92318.83,Facture client,6,PROJ_009,Validée
743,2024-12-07,VE,FA_000743,411,706,111230.03,Facture client,9,PROJ_020,Validée
744,2024-12-24,VE,FA_000744,411,701,66043.8,Facture client,4,PROJ_008,Validée
745,2024-12-09,VE,FA_000745,411,701,51094.87,Facture client,3,PROJ_020,Validée
746,2024-12-05,VE,FA_000746,411,706,89042.69,Facture client,2,PROJ_013,Validée
747,2024-12-13,VE,FA_000747,411,701,110822.04,Facture client,9,PROJ_008,Validée
748,2024-12-14,VE,FA_000748,411,706,17996.4,Facture client,5,PROJ_011,Validée
749,2024-12-10,TR,BQ_000749,401,512,52505.53,Paiement fournisseur,5,,Validée
750,2024-12-10,TR,BQ_000750,401,512,8827.45,Paiement fournisseur,7,,Validée
751,2024-12-02,TR,BQ_000751,401,512,93511.31,Paiement fournisseur,7,,Validée
752,2024-12-08,TR,BQ_000752,401,512,12953.87,Paiement fournisseur,10,,Validée
753,2024-12-19,TR,BQ_000753,401,512,19380.26,Paiement fournisseur,2,,Validée
754,2024-12-20,TR,BQ_000754,512,411,34836.29,Encaissement client,2,PROJ_013,Validée
755,2024-12-26,TR,BQ_000755,401,512,24647.7,Paiement fournisseur,6,,Validée
756,2024-12-03,TR,BQ_000756,512,411,91218.64,Encaissement client,6,PROJ_020,Validée
